id,first_name,last_name,email,gender,ip_address
1,Irvin,Edards,iedards0@so-net.ne.jp,Polygender,67.4.38.195
2,Eduino,Farndell,efarndell1@mayoclinic.com,Bigender,88.203.197.39
3,Jeremias,Drohane,jdrohane2@photobucket.com,Male,226.245.185.8
4,Laryssa,Bru,lbru3@google.ca,Genderfluid,188.164.146.151
5,Aldin,Garrison,agarrison4@upenn.edu,Male,250.131.20.23
6,Ike,Dumbleton,idumbleton5@phoca.cz,Genderfluid,225.116.113.86
7,Dorene,Illiston,dilliston6@ocn.ne.jp,Genderfluid,16.153.18.82
8,Abelard,Hedde,ahedde7@elegantthemes.com,Female,9.154.215.119
9,Caterina,Shoebridge,cshoebridge8@sun.com,Agender,12.179.161.18
10,Jeremiah,Gladwin,jgladwin9@amazonaws.com,Non-binary,6.57.8.134
11,Maia,Castro,mcastroa@tamu.edu,Polygender,129.160.211.218
12,Lanie,Tilt,ltiltb@nasa.gov,Agender,239.205.221.76
13,Christal,Whipp,cwhippc@google.cn,Genderfluid,129.246.13.165
14,Marguerite,Goring,mgoringd@stumbleupon.com,Polygender,106.64.201.19
15,Lorin,Cayton,lcaytone@unblog.fr,Non-binary,124.152.43.142
16,Theodoric,Mytton,tmyttonf@posterous.com,Female,219.60.15.132
17,Angelia,Colling,acollingg@networkadvertising.org,Bigender,130.27.198.55
18,Gates,Leal,glealh@ucsd.edu,Male,39.202.35.121
19,Charla,Vennings,cvenningsi@lycos.com,Non-binary,57.42.180.143
20,Auberon,Iverson,aiversonj@loc.gov,Male,153.11.57.166
21,Donielle,Armit,darmitk@hatena.ne.jp,Non-binary,160.179.255.50
22,Ulberto,Goodsell,ugoodselll@vinaora.com,Polygender,130.148.17.23
23,Troy,Bortolozzi,tbortolozzim@qq.com,Male,82.208.103.67
24,Kendre,Wheble,kwheblen@artisteer.com,Non-binary,16.221.159.54
25,Lonny,Byham,lbyhamo@ovh.net,Agender,220.226.69.42
26,Maurise,Goulbourn,mgoulbournp@boston.com,Agender,121.124.189.104
27,Samuel,Wetheril,swetherilq@statcounter.com,Bigender,107.72.159.212
28,Lyndsie,Ramalho,lramalhor@hexun.com,Genderfluid,161.63.86.199
29,Michele,Cobb,mcobbs@t-online.de,Genderfluid,247.113.54.244
30,Doreen,Bulfit,dbulfitt@illinois.edu,Bigender,182.217.180.222
31,Waldon,Cremin,wcreminu@pbs.org,Genderqueer,80.213.46.25
32,Nichols,Goolden,ngooldenv@histats.com,Non-binary,24.223.90.108
33,Issie,Morillas,imorillasw@simplemachines.org,Genderfluid,107.77.94.173
34,Tibold,McDonogh,tmcdonoghx@xrea.com,Bigender,13.134.196.212
35,Levin,Grooby,lgroobyy@ihg.com,Genderfluid,88.128.109.121
36,Gustavus,ducarme,gducarmez@smh.com.au,Bigender,116.69.130.38
37,Vin,Atcherley,vatcherley10@washingtonpost.com,Bigender,245.17.105.54
38,Fredek,Lantaff,flantaff11@people.com.cn,Genderfluid,165.202.224.0
39,Wyn,Gilliver,wgilliver12@hexun.com,Agender,121.72.52.140
40,Derrick,McComiskie,dmccomiskie13@infoseek.co.jp,Bigender,38.117.254.14
41,Jacob,Clipsham,jclipsham14@clickbank.net,Male,82.222.218.134
42,Olivette,Luto,oluto15@jalbum.net,Genderqueer,74.168.77.19
43,Clemmie,Karoly,ckaroly16@merriam-webster.com,Female,243.92.164.148
44,Debbie,Atger,datger17@prnewswire.com,Non-binary,109.223.105.223
45,Jeanne,Moorman,jmoorman18@nba.com,Agender,159.51.234.116
46,Monte,Cawdron,mcawdron19@multiply.com,Female,247.197.192.71
47,Caritta,Clewarth,cclewarth1a@diigo.com,Bigender,202.127.101.80
48,Dav,Sammons,dsammons1b@issuu.com,Bigender,193.46.148.136
49,Reggie,Ort,rort1c@cpanel.net,Female,138.160.94.107
50,Willyt,Marjot,wmarjot1d@joomla.org,Male,87.249.248.187
51,Chandra,Laba,claba1e@sitemeter.com,Bigender,139.192.52.94
52,Cal,Douch,cdouch1f@tripadvisor.com,Genderqueer,96.35.21.110
53,Bobbe,Kinnoch,bkinnoch1g@devhub.com,Polygender,147.240.163.10
54,Engelbert,Samper,esamper1h@uiuc.edu,Bigender,165.123.214.60
55,Cletus,MacGilpatrick,cmacgilpatrick1i@desdev.cn,Female,246.140.142.22
56,Glenna,Ferrettini,gferrettini1j@google.co.jp,Polygender,254.46.195.93
57,Conney,Roath,croath1k@google.de,Male,24.61.67.42
58,Pall,Rudinger,prudinger1l@senate.gov,Genderqueer,10.17.21.100
59,Blake,Perritt,bperritt1m@fotki.com,Agender,161.15.3.31
60,Kasey,Blezard,kblezard1n@soup.io,Male,81.107.4.219
61,Kent,Jewar,kjewar1o@123-reg.co.uk,Non-binary,227.97.249.210
62,Mickey,Trevor,mtrevor1p@instagram.com,Polygender,54.113.226.162
63,Darbee,Crowest,dcrowest1q@mit.edu,Genderfluid,127.30.59.14
64,Nomi,Bleiman,nbleiman1r@google.ca,Male,194.243.108.223
65,Obie,Nightingale,onightingale1s@virginia.edu,Female,255.40.155.148
66,Price,Fleeming,pfleeming1t@twitter.com,Female,101.84.198.45
67,Tommy,Alvis,talvis1u@dailymail.co.uk,Agender,111.19.54.126
68,Jillayne,Benyon,jbenyon1v@free.fr,Bigender,123.189.217.84
69,Tim,Ilsley,tilsley1w@bing.com,Genderqueer,149.80.204.19
70,Elonore,Kay,ekay1x@google.co.uk,Non-binary,31.141.89.17
71,Taddeusz,Swadden,tswadden1y@theguardian.com,Non-binary,140.49.20.168
72,Gilly,Colam,gcolam1z@aol.com,Polygender,22.229.168.109
73,Holt,Pirrie,hpirrie20@jigsy.com,Female,25.77.150.80
74,Annabell,Gamage,agamage21@i2i.jp,Agender,206.249.219.51
75,Lind,Bergstrand,lbergstrand22@amazon.co.uk,Genderqueer,32.159.122.225
76,Deane,O'Sheerin,dosheerin23@multiply.com,Non-binary,241.177.219.152
77,Lorenza,Ramard,lramard24@businesswire.com,Agender,161.88.236.51
78,Stu,Orcas,sorcas25@mayoclinic.com,Female,124.245.234.134
79,Harmony,Vaune,hvaune26@cam.ac.uk,Genderfluid,109.150.21.204
80,Rosemarie,Sibray,rsibray27@cam.ac.uk,Genderqueer,56.202.128.178
81,Zechariah,Ashpole,zashpole28@seesaa.net,Agender,149.174.61.251
82,Katlin,Dabling,kdabling29@apple.com,Bigender,54.46.121.12
83,Andrea,Tire,atire2a@godaddy.com,Genderfluid,8.229.69.31
84,Barny,Choudhury,bchoudhury2b@thetimes.co.uk,Agender,165.101.18.192
85,Ethelred,Garken,egarken2c@weebly.com,Bigender,48.58.189.120
86,Flin,Eite,feite2d@gravatar.com,Polygender,207.47.60.177
87,Mitchell,Duthie,mduthie2e@amazon.co.uk,Bigender,181.124.100.20
88,Dee,Nayshe,dnayshe2f@stanford.edu,Genderqueer,248.171.119.243
89,Cornell,Phizackarley,cphizackarley2g@1und1.de,Genderqueer,35.81.58.179
90,Colin,Frazer,cfrazer2h@cargocollective.com,Agender,71.39.64.34
91,Jerrome,Everex,jeverex2i@reference.com,Genderqueer,1.216.110.186
92,Brunhilde,Chichgar,bchichgar2j@marketwatch.com,Polygender,28.102.151.105
93,Torey,Osband,tosband2k@bluehost.com,Bigender,50.48.230.242
94,Gonzalo,Oen,goen2l@mozilla.org,Agender,124.181.227.72
95,Juditha,Courson,jcourson2m@mashable.com,Bigender,8.78.56.45
96,Guinevere,Brimelow,gbrimelow2n@livejournal.com,Female,124.107.176.29
97,Cecil,Mynett,cmynett2o@feedburner.com,Female,125.142.111.108
98,Allegra,Enderwick,aenderwick2p@boston.com,Non-binary,93.227.118.157
99,Verna,Pentlow,vpentlow2q@wunderground.com,Polygender,89.98.166.96
100,Nolana,Hussell,nhussell2r@illinois.edu,Male,143.18.213.47
101,Jessee,Treece,jtreece2s@liveinternet.ru,Polygender,157.6.80.11
102,Teriann,Scrinage,tscrinage2t@naver.com,Female,200.70.126.56
103,Shelba,Seefus,sseefus2u@xinhuanet.com,Genderqueer,17.98.222.74
104,Margalo,Thies,mthies2v@1und1.de,Non-binary,61.96.172.46
105,Camel,Lipprose,clipprose2w@mediafire.com,Non-binary,164.136.60.212
106,Bibbye,Grinnell,bgrinnell2x@eventbrite.com,Female,212.232.38.214
107,Lorne,Polkinghorne,lpolkinghorne2y@cpanel.net,Polygender,40.177.248.255
108,Sunny,Eynald,seynald2z@parallels.com,Bigender,183.50.34.89
109,Emery,Jorcke,ejorcke30@chicagotribune.com,Agender,214.194.100.144
110,Torrie,Wickliffe,twickliffe31@jiathis.com,Genderqueer,166.2.241.83
111,Carina,Farlham,cfarlham32@fda.gov,Female,50.19.210.112
112,Georgina,Rickesies,grickesies33@mapy.cz,Bigender,0.199.143.136
113,Carmine,Coade,ccoade34@telegraph.co.uk,Genderqueer,17.61.77.242
114,Annamarie,Lidgate,alidgate35@nbcnews.com,Genderqueer,128.146.60.9
115,Ike,Itskovitz,iitskovitz36@amazon.com,Genderqueer,193.141.206.168
116,Clarinda,Munson,cmunson37@dell.com,Agender,249.21.77.7
117,Suzi,Deal,sdeal38@prlog.org,Non-binary,210.217.171.96
118,Aurora,Kirsch,akirsch39@buzzfeed.com,Genderfluid,129.113.25.48
119,Josias,Scain,jscain3a@uol.com.br,Bigender,226.107.133.133
120,Boniface,Andrzejczak,bandrzejczak3b@samsung.com,Female,179.60.220.56
121,Samuele,Robelet,srobelet3c@tuttocitta.it,Genderfluid,178.55.137.201
122,Gertie,Mantrip,gmantrip3d@smugmug.com,Female,196.254.51.17
123,Lauritz,Cleft,lcleft3e@bing.com,Genderfluid,128.241.2.96
124,Martino,Garnsworthy,mgarnsworthy3f@homestead.com,Polygender,148.183.230.107
125,Kyle,Cuddihy,kcuddihy3g@loc.gov,Male,72.73.22.171
126,Adolphus,Halkyard,ahalkyard3h@addtoany.com,Polygender,103.165.17.184
127,Dulcea,Moran,dmoran3i@examiner.com,Polygender,99.79.20.141
128,Elnar,Marzello,emarzello3j@ted.com,Female,93.10.28.22
129,Marcelia,Harroll,mharroll3k@comcast.net,Genderqueer,1.226.216.159
130,Novelia,Brittan,nbrittan3l@posterous.com,Non-binary,3.20.149.6
131,Janaye,Leyden,jleyden3m@blinklist.com,Male,13.232.34.57
132,Nina,Catlette,ncatlette3n@networksolutions.com,Non-binary,138.228.75.31
133,Jessa,Dilawey,jdilawey3o@economist.com,Genderqueer,217.5.136.148
134,Rebbecca,Dysert,rdysert3p@amazon.com,Male,56.253.26.8
135,Petra,Brigden,pbrigden3q@jugem.jp,Non-binary,170.71.78.166
136,Charmian,Adey,cadey3r@biglobe.ne.jp,Non-binary,177.79.71.127
137,Keen,Dome,kdome3s@sohu.com,Female,123.36.6.67
138,Julissa,McCrudden,jmccrudden3t@blogs.com,Polygender,106.231.160.230
139,Cordy,Kleinhaus,ckleinhaus3u@bandcamp.com,Female,3.184.244.17
140,Hana,Domney,hdomney3v@cisco.com,Non-binary,143.7.156.23
141,Ardenia,McGrey,amcgrey3w@bbc.co.uk,Genderqueer,186.120.41.114
142,Ramsey,Cann,rcann3x@engadget.com,Bigender,17.126.71.23
143,Kristien,Bernhard,kbernhard3y@google.es,Female,237.248.44.76
144,Bernie,Prangley,bprangley3z@bluehost.com,Male,207.152.233.88
145,Madelene,Snead,msnead40@fema.gov,Polygender,18.27.187.185
146,Sumner,Elford,selford41@admin.ch,Agender,126.141.126.252
147,Conrado,Lauks,clauks42@seesaa.net,Agender,166.219.14.241
148,Pierce,Luciani,pluciani43@flavors.me,Non-binary,6.144.2.86
149,Miguel,Mechic,mmechic44@vinaora.com,Polygender,27.196.130.246
150,Giuditta,Spurrior,gspurrior45@storify.com,Female,66.173.74.176
151,Wilona,Robke,wrobke46@elpais.com,Male,160.163.203.151
152,Phillis,Dotterill,pdotterill47@usnews.com,Female,71.255.219.217
153,Prinz,Fairhead,pfairhead48@i2i.jp,Female,118.132.63.103
154,Oralle,Ubsdell,oubsdell49@telegraph.co.uk,Genderqueer,229.83.48.186
155,Finley,Oret,foret4a@dot.gov,Agender,237.24.77.31
156,Agna,Eayres,aeayres4b@mapquest.com,Female,182.198.184.152
157,Farlee,Rain,frain4c@infoseek.co.jp,Non-binary,16.85.44.125
158,Shirl,Stefi,sstefi4d@barnesandnoble.com,Genderqueer,113.61.37.102
159,Shaughn,Rothwell,srothwell4e@mail.ru,Non-binary,22.110.167.240
160,Maggy,Lammie,mlammie4f@tinyurl.com,Genderfluid,84.59.222.33
161,Harri,Schroter,hschroter4g@reverbnation.com,Agender,157.185.228.100
162,Stan,Marcone,smarcone4h@time.com,Genderfluid,167.4.211.127
163,Christiane,Brookhouse,cbrookhouse4i@macromedia.com,Agender,9.200.28.251
164,Dudley,Standring,dstandring4j@shutterfly.com,Agender,186.70.26.136
165,Reena,Sey,rsey4k@1und1.de,Genderfluid,126.212.195.167
166,Saundra,Troppmann,stroppmann4l@noaa.gov,Genderfluid,133.226.237.250
167,Glynis,Kynton,gkynton4m@geocities.com,Bigender,222.51.171.112
168,Cort,Romme,cromme4n@surveymonkey.com,Genderfluid,119.7.240.54
169,Carlynne,Probert,cprobert4o@tmall.com,Genderqueer,226.51.170.189
170,Filide,Fines,ffines4p@netscape.com,Agender,170.201.236.150
171,Shep,Hurles,shurles4q@ustream.tv,Agender,37.205.131.77
172,Faulkner,Geaney,fgeaney4r@furl.net,Male,134.116.252.139
173,Titus,Shelmardine,tshelmardine4s@hibu.com,Male,243.106.52.187
174,Birk,Folliss,bfolliss4t@w3.org,Polygender,96.192.151.49
175,Pepita,Ortas,portas4u@blogs.com,Non-binary,148.167.255.10
176,Buddie,Staley,bstaley4v@domainmarket.com,Polygender,245.92.182.35
177,Rivkah,Stegers,rstegers4w@yandex.ru,Non-binary,41.53.173.183
178,Henka,Ixer,hixer4x@xrea.com,Polygender,126.17.234.10
179,Valentijn,Matteotti,vmatteotti4y@umich.edu,Male,27.220.98.110
180,Dynah,Dinwoodie,ddinwoodie4z@youku.com,Female,134.62.100.247
181,Nadya,Hulbert,nhulbert50@scribd.com,Non-binary,203.131.105.38
182,Jeramey,Ledwitch,jledwitch51@army.mil,Agender,2.179.80.132
183,Flor,Catley,fcatley52@statcounter.com,Non-binary,42.143.250.92
184,Riva,Murricanes,rmurricanes53@hugedomains.com,Male,131.49.61.162
185,Rabi,Wimmers,rwimmers54@xrea.com,Non-binary,199.163.225.217
186,Selig,Gould,sgould55@google.ca,Agender,245.110.212.26
187,Odelle,Chown,ochown56@samsung.com,Polygender,193.18.159.240
188,Corrine,Gherardini,cgherardini57@go.com,Bigender,168.59.60.137
189,Gibb,Lampard,glampard58@webmd.com,Genderqueer,74.254.185.64
190,Bartlet,Chudleigh,bchudleigh59@rediff.com,Genderqueer,20.125.246.63
191,Webster,Voysey,wvoysey5a@purevolume.com,Bigender,187.107.101.114
192,Rhona,Muckle,rmuckle5b@amazon.co.jp,Agender,23.123.243.152
193,Benoit,Bettlestone,bbettlestone5c@furl.net,Genderfluid,129.3.198.51
194,Angelique,Edmeads,aedmeads5d@free.fr,Female,151.14.197.14
195,Abdel,Danhel,adanhel5e@t.co,Female,137.133.9.216
196,Hagen,Lomaz,hlomaz5f@tinypic.com,Bigender,223.250.179.64
197,Ashley,Kingswood,akingswood5g@slideshare.net,Male,84.104.227.78
198,Cameron,Benck,cbenck5h@java.com,Bigender,201.70.198.119
199,Tristan,Barnardo,tbarnardo5i@tinyurl.com,Polygender,138.130.76.50
200,Nichole,Worral,nworral5j@wordpress.org,Genderfluid,47.72.125.104
201,Randall,Sponton,rsponton5k@msn.com,Agender,32.188.142.248
202,Garrett,Canceller,gcanceller5l@amazon.co.uk,Genderqueer,254.232.100.185
203,Lisabeth,Slowley,lslowley5m@slashdot.org,Bigender,4.168.43.89
204,Shaylah,Marrow,smarrow5n@infoseek.co.jp,Female,62.56.215.58
205,Yalonda,Dursley,ydursley5o@jigsy.com,Genderfluid,58.30.134.31
206,Gabriellia,Barcke,gbarcke5p@independent.co.uk,Genderqueer,53.128.241.172
207,Margarethe,Trembley,mtrembley5q@list-manage.com,Genderqueer,5.93.126.108
208,Loydie,Anear,lanear5r@cmu.edu,Bigender,126.117.216.162
209,Hastie,Yirrell,hyirrell5s@facebook.com,Genderqueer,67.221.141.87
210,Roselin,Stoving,rstoving5t@addtoany.com,Genderqueer,207.129.76.83
211,Harp,Govey,hgovey5u@yahoo.com,Genderfluid,192.10.5.182
212,Inglebert,Mineghelli,imineghelli5v@tripadvisor.com,Agender,35.116.218.50
213,Tanhya,Cairney,tcairney5w@purevolume.com,Polygender,75.88.144.38
214,Matelda,Theodoris,mtheodoris5x@goo.ne.jp,Genderfluid,49.69.225.36
215,Jarrett,Tullot,jtullot5y@imageshack.us,Polygender,138.194.28.234
216,Debra,Ricardo,dricardo5z@nba.com,Polygender,167.215.127.145
217,Delcina,Yukhov,dyukhov60@timesonline.co.uk,Bigender,166.76.14.67
218,Jessee,Spelman,jspelman61@printfriendly.com,Female,252.59.161.89
219,Clair,Baythrop,cbaythrop62@yahoo.com,Genderqueer,91.213.133.163
220,Bucky,Cratere,bcratere63@businessweek.com,Genderfluid,44.213.144.192
221,Liv,Kalinowsky,lkalinowsky64@smugmug.com,Bigender,235.98.43.247
222,Fiann,Shilston,fshilston65@gravatar.com,Genderfluid,197.24.11.93
223,Leontine,Kruger,lkruger66@tuttocitta.it,Polygender,214.32.61.87
224,Raymond,Grosvenor,rgrosvenor67@arstechnica.com,Agender,13.171.25.60
225,Gordan,Collister,gcollister68@berkeley.edu,Bigender,22.230.225.10
226,Sancho,Joanaud,sjoanaud69@google.co.uk,Non-binary,127.91.90.229
227,Frazer,Mayor,fmayor6a@house.gov,Female,229.233.50.227
228,Auria,Phelp,aphelp6b@studiopress.com,Polygender,207.68.28.56
229,Arly,Heinz,aheinz6c@google.de,Male,42.235.53.232
230,Marlon,Kamienski,mkamienski6d@admin.ch,Bigender,38.44.72.142
231,Kippie,Sinkin,ksinkin6e@zimbio.com,Non-binary,227.0.125.26
232,Aubree,Matuszak,amatuszak6f@auda.org.au,Non-binary,209.121.211.135
233,Nathanael,Wardhaw,nwardhaw6g@t.co,Non-binary,138.210.40.97
234,Patten,Ellington,pellington6h@businessweek.com,Bigender,174.250.155.217
235,Vaclav,Darnborough,vdarnborough6i@mtv.com,Agender,29.212.168.22
236,Georgie,Fetterplace,gfetterplace6j@freewebs.com,Non-binary,1.77.129.115
237,Amelia,Jewks,ajewks6k@g.co,Polygender,57.232.81.120
238,Esteban,Dabs,edabs6l@usda.gov,Genderfluid,192.53.145.67
239,Skip,Daybell,sdaybell6m@amazon.com,Bigender,196.206.108.148
240,Andras,Llewellen,allewellen6n@unicef.org,Genderqueer,32.92.95.54
241,Marlyn,Bartalot,mbartalot6o@thetimes.co.uk,Genderqueer,73.72.168.190
242,Ermanno,Cornfield,ecornfield6p@businesswire.com,Non-binary,42.197.46.217
243,Merna,Bessom,mbessom6q@blog.com,Male,238.229.141.164
244,Bertha,Lempel,blempel6r@admin.ch,Genderqueer,143.70.67.62
245,Gilbert,Butcher,gbutcher6s@va.gov,Female,169.50.223.83
246,Dix,Bonnick,dbonnick6t@answers.com,Agender,112.240.189.115
247,Amie,Livoir,alivoir6u@phoca.cz,Female,31.47.175.7
248,Conney,Hatchman,chatchman6v@washingtonpost.com,Agender,182.234.25.133
249,Ludovico,Arniz,larniz6w@umich.edu,Non-binary,247.77.225.25
250,Kirby,Tosh,ktosh6x@scientificamerican.com,Genderqueer,109.206.58.72
251,Kimball,Brookton,kbrookton6y@foxnews.com,Bigender,244.109.209.194
252,Jessamyn,Obispo,jobispo6z@dedecms.com,Genderqueer,201.204.222.40
253,Dallon,Gilstin,dgilstin70@ask.com,Male,179.6.142.62
254,Evangelina,Lissandre,elissandre71@columbia.edu,Polygender,57.71.39.127
255,Ervin,Anniwell,eanniwell72@vistaprint.com,Non-binary,192.42.157.211
256,Julita,Kindon,jkindon73@t.co,Female,32.196.254.208
257,Jennifer,Dietz,jdietz74@slate.com,Bigender,116.142.34.21
258,Marta,Durtnel,mdurtnel75@msn.com,Genderqueer,30.101.88.5
259,Norbert,Kleisel,nkleisel76@technorati.com,Agender,11.254.142.45
260,Terrie,Camellini,tcamellini77@lycos.com,Male,81.59.108.186
261,Leonelle,Sandeland,lsandeland78@fastcompany.com,Bigender,31.28.24.66
262,Brinna,Hallett,bhallett79@so-net.ne.jp,Male,102.125.242.111
263,Katerine,Maltby,kmaltby7a@phpbb.com,Non-binary,203.10.145.133
264,Heinrik,Ure,hure7b@creativecommons.org,Genderqueer,127.74.146.20
265,Jeffy,Marthen,jmarthen7c@hhs.gov,Male,109.155.247.117
266,Ryan,Siaspinski,rsiaspinski7d@ucoz.ru,Genderqueer,123.74.149.219
267,Kathrine,Calkin,kcalkin7e@tuttocitta.it,Bigender,21.174.106.4
268,Heida,Nussen,hnussen7f@rediff.com,Genderqueer,160.247.60.154
269,Zondra,Quene,zquene7g@discovery.com,Agender,131.14.157.22
270,Jeannie,Whittick,jwhittick7h@vimeo.com,Polygender,12.106.112.28
271,Zandra,Stockley,zstockley7i@printfriendly.com,Female,48.142.126.60
272,Dillie,Curwen,dcurwen7j@xinhuanet.com,Genderqueer,12.62.88.54
273,Stacey,McNae,smcnae7k@mac.com,Polygender,228.69.174.152
274,Titus,Laviste,tlaviste7l@is.gd,Bigender,197.74.83.246
275,Clea,Cardwell,ccardwell7m@pagesperso-orange.fr,Male,192.28.161.81
276,Russ,Battelle,rbattelle7n@msn.com,Genderqueer,43.175.104.44
277,Briana,Conyers,bconyers7o@posterous.com,Genderfluid,26.221.207.77
278,Karen,Gillatt,kgillatt7p@mozilla.org,Non-binary,61.82.243.247
279,Maisie,Hedling,mhedling7q@cloudflare.com,Genderqueer,4.184.8.54
280,Alvin,Attoe,aattoe7r@adobe.com,Bigender,132.175.75.38
281,Luke,Luciano,lluciano7s@imgur.com,Non-binary,146.130.236.8
282,Augustine,De Mattia,ademattia7t@a8.net,Non-binary,95.16.135.162
283,Rozalie,Shillito,rshillito7u@mysql.com,Polygender,60.65.172.155
284,Ingmar,Reubel,ireubel7v@smh.com.au,Genderfluid,121.64.88.154
285,Jena,Lagneaux,jlagneaux7w@unesco.org,Genderfluid,217.162.7.2
286,Pansy,Piggins,ppiggins7x@harvard.edu,Polygender,103.88.119.79
287,Leonard,Lippitt,llippitt7y@facebook.com,Non-binary,239.250.211.220
288,Sinclare,Ilyas,silyas7z@microsoft.com,Genderfluid,134.33.98.96
289,Brod,Mallinder,bmallinder80@networksolutions.com,Agender,218.218.43.180
290,Angie,Jamson,ajamson81@washingtonpost.com,Agender,147.183.61.132
291,Hobart,Forkan,hforkan82@flavors.me,Polygender,231.23.155.156
292,Stern,Huske,shuske83@storify.com,Female,128.226.56.242
293,Dorolice,Mapholm,dmapholm84@bluehost.com,Female,217.32.49.240
294,Shell,Guinn,sguinn85@desdev.cn,Male,253.137.36.173
295,Lorin,Serman,lserman86@pen.io,Genderfluid,152.182.88.40
296,Rutger,Brace,rbrace87@aol.com,Polygender,159.31.223.62
297,Portie,Ourtic,pourtic88@smugmug.com,Genderfluid,78.133.2.75
298,Rockey,Venturoli,rventuroli89@yandex.ru,Male,237.148.2.224
299,Lewes,Kimmons,lkimmons8a@blogtalkradio.com,Genderqueer,142.244.190.133
300,Rozanne,McDill,rmcdill8b@time.com,Genderqueer,217.156.66.9
301,Quinton,Ipsgrave,qipsgrave8c@stanford.edu,Genderqueer,50.223.141.61
302,Indira,Kornalik,ikornalik8d@craigslist.org,Genderfluid,97.165.180.239
303,Vita,Rummery,vrummery8e@epa.gov,Genderqueer,205.78.224.68
304,Janifer,Gloves,jgloves8f@shareasale.com,Genderfluid,154.80.206.100
305,Adelle,Road,aroad8g@dailymail.co.uk,Bigender,171.249.111.32
306,Harwell,Whetland,hwhetland8h@yahoo.co.jp,Bigender,90.205.200.123
307,Tansy,Metham,tmetham8i@about.com,Female,248.106.185.153
308,Lavina,Kitteman,lkitteman8j@usatoday.com,Polygender,150.250.245.253
309,Amery,Nyland,anyland8k@wikia.com,Non-binary,130.29.57.68
310,Davine,Godney,dgodney8l@toplist.cz,Polygender,164.144.244.191
311,Christabella,Geany,cgeany8m@salon.com,Bigender,114.242.30.95
312,Phip,Featenby,pfeatenby8n@aol.com,Agender,158.126.252.30
313,Hyacinth,Sive,hsive8o@seattletimes.com,Female,143.84.23.222
314,Miguel,Tyer,mtyer8p@imageshack.us,Bigender,199.84.180.208
315,Leah,Seed,lseed8q@rediff.com,Genderqueer,112.113.166.182
316,Kelly,McDill,kmcdill8r@theguardian.com,Agender,216.101.181.197
317,Creight,Wettern,cwettern8s@salon.com,Female,98.211.45.223
318,Stephanus,Abele,sabele8t@about.com,Genderfluid,165.161.7.204
319,Quill,Blaze,qblaze8u@samsung.com,Polygender,212.174.20.19
320,Dewitt,Wilkison,dwilkison8v@arstechnica.com,Bigender,119.14.73.245
321,Delmar,Mapples,dmapples8w@woothemes.com,Genderqueer,89.134.146.128
322,Thaxter,Anwell,tanwell8x@skype.com,Female,10.35.90.209
323,Constance,Branscomb,cbranscomb8y@51.la,Genderqueer,159.189.69.150
324,Yehudi,Coonan,ycoonan8z@behance.net,Polygender,217.33.47.135
325,Hamilton,Simco,hsimco90@usnews.com,Agender,14.79.168.89
326,Celestyn,Bernette,cbernette91@aol.com,Male,169.116.242.215
327,Demetri,Hirtz,dhirtz92@creativecommons.org,Agender,6.103.178.119
328,Allyn,Righy,arighy93@ning.com,Female,104.219.150.108
329,Noelani,Sidle,nsidle94@jimdo.com,Male,76.213.33.200
330,Archibold,Moreman,amoreman95@nifty.com,Genderqueer,139.235.103.112
331,Harriet,Perkinson,hperkinson96@acquirethisname.com,Genderqueer,72.68.129.105
332,Herculie,Redon,hredon97@youtu.be,Non-binary,141.241.251.50
333,Carleton,Dran,cdran98@hubpages.com,Agender,83.75.96.94
334,Christi,Crandon,ccrandon99@creativecommons.org,Male,159.253.60.152
335,Pete,Douberday,pdouberday9a@odnoklassniki.ru,Male,231.243.235.53
336,Alaster,Hawkins,ahawkins9b@addtoany.com,Female,118.214.18.108
337,Beck,Hedylstone,bhedylstone9c@digg.com,Genderfluid,95.153.169.144
338,Alaster,Aleksandrev,aaleksandrev9d@google.com.br,Male,146.109.69.151
339,Wolf,Harryman,wharryman9e@chronoengine.com,Genderqueer,17.124.221.17
340,Milty,Lippatt,mlippatt9f@vinaora.com,Male,141.9.100.249
341,Vasilis,Mattingly,vmattingly9g@ed.gov,Polygender,203.98.68.111
342,Ethelyn,Domke,edomke9h@cdc.gov,Genderfluid,138.81.143.34
343,Howard,Belchambers,hbelchambers9i@google.cn,Male,69.133.176.126
344,Nicolle,Caldecourt,ncaldecourt9j@cyberchimps.com,Polygender,13.1.21.220
345,Fidelia,Gypps,fgypps9k@wix.com,Agender,27.1.15.231
346,Ham,Chave,hchave9l@altervista.org,Female,149.246.246.184
347,Corella,Cervantes,ccervantes9m@ameblo.jp,Genderfluid,41.143.12.254
348,Madelaine,Heffron,mheffron9n@blogger.com,Agender,103.187.51.177
349,Flin,Alvarado,falvarado9o@dion.ne.jp,Female,21.167.141.250
350,Mitchel,Davydkov,mdavydkov9p@yolasite.com,Agender,102.181.50.71
351,Emmott,Grzes,egrzes9q@apple.com,Bigender,109.22.164.107
352,Reamonn,Gerrell,rgerrell9r@hexun.com,Non-binary,32.82.105.55
353,Derril,McCombe,dmccombe9s@princeton.edu,Polygender,45.60.251.102
354,Torey,Repp,trepp9t@hhs.gov,Polygender,52.221.52.149
355,Lauritz,Burrill,lburrill9u@msu.edu,Genderqueer,86.34.159.209
356,Rosy,Greenhouse,rgreenhouse9v@nba.com,Female,83.238.0.145
357,Martie,Duffrie,mduffrie9w@hud.gov,Genderfluid,99.205.28.87
358,Linn,Reuven,lreuven9x@nps.gov,Female,217.202.99.29
359,Leda,Hadcock,lhadcock9y@sun.com,Agender,193.228.154.86
360,Trever,Yockley,tyockley9z@networkadvertising.org,Female,131.132.206.182
361,Leanora,Yeeles,lyeelesa0@cnn.com,Polygender,5.17.5.254
362,Mozelle,Stoney,mstoneya1@forbes.com,Genderqueer,64.114.211.100
363,Rayna,Prothero,rprotheroa2@php.net,Non-binary,130.173.177.120
364,Aube,Jope,ajopea3@twitter.com,Agender,44.124.203.76
365,Olivette,Petr,opetra4@github.io,Agender,114.3.237.100
366,Eldridge,Keneleyside,ekeneleysidea5@instagram.com,Male,196.169.196.104
367,Gamaliel,Nibloe,gnibloea6@boston.com,Non-binary,169.47.1.225
368,Maximilien,Unworth,munwortha7@disqus.com,Agender,186.225.180.141
369,Linnell,Rayman,lraymana8@shareasale.com,Male,193.139.161.119
370,Katine,Stanmer,kstanmera9@example.com,Polygender,152.251.176.41
371,Mace,Authers,mauthersaa@buzzfeed.com,Genderqueer,100.58.191.8
372,Julissa,Doveston,jdovestonab@intel.com,Genderqueer,18.21.205.71
373,Kyla,Giacomuzzi,kgiacomuzziac@home.pl,Genderqueer,151.92.6.203
374,Basile,McLugaish,bmclugaishad@hubpages.com,Male,199.156.113.79
375,Leonidas,Tanner,ltannerae@google.com.au,Non-binary,84.15.124.66
376,Damien,Heijne,dheijneaf@kickstarter.com,Genderfluid,144.211.144.110
377,Glynda,Truett,gtruettag@hostgator.com,Genderqueer,205.36.195.58
378,Vitoria,Hugues,vhuguesah@apple.com,Bigender,116.27.157.160
379,Fitz,Oleszcuk,foleszcukai@guardian.co.uk,Bigender,23.95.72.155
380,Ralina,Wanklin,rwanklinaj@mapquest.com,Female,247.67.205.62
381,Mikel,Schulze,mschulzeak@youtube.com,Male,24.234.73.8
382,Dorotea,Woolham,dwoolhamal@mapquest.com,Female,224.64.64.121
383,Geoffry,Wentworth,gwentwortham@ca.gov,Bigender,179.49.28.167
384,Etta,Dewis,edewisan@github.io,Genderqueer,76.83.196.94
385,Rolland,Hartrick,rhartrickao@sakura.ne.jp,Bigender,2.115.141.11
386,Clayborne,Duprey,cdupreyap@craigslist.org,Polygender,116.120.117.12
387,Geraldine,Sterricks,gsterricksaq@cyberchimps.com,Non-binary,131.249.59.94
388,Elinor,Wethers,ewethersar@constantcontact.com,Female,235.75.114.144
389,Bendick,Arnauduc,barnauducas@tuttocitta.it,Non-binary,252.51.129.15
390,Billie,Lademann,blademannat@timesonline.co.uk,Genderfluid,208.202.79.49
391,Hanna,Perle,hperleau@hubpages.com,Polygender,64.186.153.4
392,Kirby,Hawkswood,khawkswoodav@mediafire.com,Polygender,106.146.55.119
393,Zola,Spier,zspieraw@princeton.edu,Female,13.29.40.115
394,Kevina,Elphick,kelphickax@vkontakte.ru,Male,209.49.77.48
395,Tracy,Stening,tsteningay@mapy.cz,Genderfluid,250.154.211.200
396,Carly,McCorkell,cmccorkellaz@utexas.edu,Male,166.96.189.167
397,Othello,Gibbs,ogibbsb0@columbia.edu,Female,22.79.175.17
398,Lucy,Carpmile,lcarpmileb1@google.com.br,Genderfluid,192.221.175.96
399,Nealy,Dron,ndronb2@si.edu,Non-binary,245.39.107.129
400,Charita,Fer,cferb3@alexa.com,Genderfluid,153.56.209.6
401,Laura,Goodfellow,lgoodfellowb4@scribd.com,Female,46.21.228.123
402,Coletta,Buscher,cbuscherb5@hao123.com,Non-binary,99.84.203.124
403,Gretal,Legg,gleggb6@ehow.com,Polygender,193.23.161.144
404,John,Bowler,jbowlerb7@hubpages.com,Agender,102.208.221.224
405,Bendick,Pech,bpechb8@google.com,Female,34.99.129.197
406,Tabbie,Drage,tdrageb9@shareasale.com,Non-binary,109.96.142.46
407,Ashlin,Roskilly,aroskillyba@moonfruit.com,Genderfluid,161.149.77.200
408,Carlee,Gleaves,cgleavesbb@cnet.com,Polygender,47.72.44.206
409,Palmer,McRobb,pmcrobbbc@alibaba.com,Bigender,1.133.24.168
410,Duke,Winspare,dwinsparebd@squidoo.com,Genderqueer,52.252.253.130
411,Taylor,Daleman,tdalemanbe@instagram.com,Genderfluid,113.220.137.252
412,Raymond,Deyes,rdeyesbf@blinklist.com,Polygender,152.173.8.51
413,Pennie,Coe,pcoebg@fotki.com,Polygender,39.122.177.204
414,Ulla,Richardes,urichardesbh@loc.gov,Non-binary,109.86.16.141
415,Lindsay,Snoding,lsnodingbi@sfgate.com,Male,176.223.214.24
416,Angeline,Wenn,awennbj@typepad.com,Male,58.14.55.39
417,Gerty,Poveleye,gpoveleyebk@angelfire.com,Agender,15.143.0.121
418,Silvanus,Andrusov,sandrusovbl@gnu.org,Polygender,176.113.253.153
419,Jennette,Postles,jpostlesbm@engadget.com,Agender,207.97.231.122
420,Mildrid,Goodger,mgoodgerbn@discovery.com,Genderfluid,127.110.40.83
421,Florida,Phripp,fphrippbo@businesswire.com,Male,195.168.90.245
422,Thoma,Geroldo,tgeroldobp@google.com,Male,31.216.245.126
423,Trenna,Card,tcardbq@hud.gov,Female,150.142.164.79
424,Donnie,Vennings,dvenningsbr@nature.com,Agender,155.149.52.227
425,Jeromy,Nertney,jnertneybs@auda.org.au,Genderqueer,158.175.121.241
426,Thedrick,Olander,tolanderbt@tinypic.com,Genderfluid,188.227.21.143
427,Philippe,Willicott,pwillicottbu@redcross.org,Genderqueer,97.210.253.234
428,Wiatt,O'Bradane,wobradanebv@privacy.gov.au,Male,0.22.202.185
429,Ardella,Farrell,afarrellbw@nymag.com,Genderfluid,102.86.37.112
430,Nicol,Cureton,ncuretonbx@edublogs.org,Non-binary,159.248.209.21
431,Gracia,Parkhouse,gparkhouseby@java.com,Male,69.177.14.66
432,Reeba,McIlvaney,rmcilvaneybz@stumbleupon.com,Agender,197.135.190.115
433,Joellen,Allom,jallomc0@tripod.com,Agender,165.2.37.75
434,Base,Bennion,bbennionc1@joomla.org,Non-binary,240.203.83.173
435,Phyllys,Sweetman,psweetmanc2@amazon.co.uk,Agender,61.171.24.97
436,Leontine,Showers,lshowersc3@reference.com,Genderqueer,108.56.203.205
437,Antin,Pomeroy,apomeroyc4@aol.com,Non-binary,68.128.194.167
438,Ashbey,Spillard,aspillardc5@ftc.gov,Male,103.139.34.148
439,Margot,Rizon,mrizonc6@loc.gov,Bigender,176.53.91.153
440,Adrien,Benesevich,abenesevichc7@economist.com,Non-binary,141.14.117.250
441,Giacomo,Schwerin,gschwerinc8@elpais.com,Polygender,125.64.208.76
442,Arden,Marvell,amarvellc9@networksolutions.com,Polygender,8.20.216.110
443,Merla,Holyland,mholylandca@wikimedia.org,Non-binary,237.71.49.235
444,Joe,Bedinham,jbedinhamcb@mapy.cz,Genderfluid,124.42.128.45
445,Simone,Varren,svarrencc@wiley.com,Male,79.61.34.122
446,Alberta,Burehill,aburehillcd@merriam-webster.com,Male,253.243.243.10
447,Goddard,Lurcock,glurcockce@epa.gov,Genderqueer,93.29.169.27
448,Randene,Fairey,rfaireycf@pcworld.com,Male,77.160.161.172
449,Gwenni,Steedman,gsteedmancg@constantcontact.com,Genderfluid,117.34.244.148
450,Augusta,Cattach,acattachch@facebook.com,Female,69.99.198.251
451,Claiborn,Matthai,cmatthaici@stanford.edu,Non-binary,144.217.175.142
452,Dionis,Morcomb,dmorcombcj@canalblog.com,Agender,29.14.142.182
453,Tobiah,Kordt,tkordtck@google.co.jp,Agender,182.193.82.191
454,Currey,Flaws,cflawscl@salon.com,Male,97.81.135.236
455,Viviyan,Pinnion,vpinnioncm@intel.com,Genderfluid,75.227.237.225
456,Bogart,Imesson,bimessoncn@live.com,Genderqueer,241.230.60.49
457,Cyrille,Playfoot,cplayfootco@accuweather.com,Genderfluid,19.24.196.45
458,Stefan,Oman,somancp@ezinearticles.com,Non-binary,42.12.98.247
459,Milzie,Spellissy,mspellissycq@goo.ne.jp,Genderfluid,203.13.232.144
460,Joana,Brookson,jbrooksoncr@cnbc.com,Male,119.62.63.228
461,Rebeca,Cometto,rcomettocs@mit.edu,Male,146.45.219.90
462,Sissy,Wedgbrow,swedgbrowct@drupal.org,Female,107.52.157.101
463,Ferrel,Covet,fcovetcu@baidu.com,Genderqueer,219.239.4.144
464,Harmon,Laidel,hlaidelcv@soup.io,Non-binary,89.201.84.252
465,Collen,Doumenc,cdoumenccw@yolasite.com,Bigender,48.95.130.64
466,Isiahi,Holme,iholmecx@nbcnews.com,Non-binary,91.15.119.26
467,Bevan,Dufaur,bdufaurcy@dagondesign.com,Genderfluid,145.174.195.237
468,Rozele,De la Yglesia,rdelayglesiacz@dedecms.com,Genderfluid,54.171.186.10
469,Dennet,Lillywhite,dlillywhited0@wp.com,Male,89.192.69.234
470,Eudora,Kinastan,ekinastand1@google.it,Bigender,4.80.126.118
471,Kylynn,Bage,kbaged2@ihg.com,Male,120.170.218.53
472,Godard,Spadoni,gspadonid3@gov.uk,Polygender,54.5.192.99
473,Tierney,Vivian,tviviand4@rediff.com,Non-binary,104.148.210.221
474,Ellery,Harkins,eharkinsd5@pen.io,Female,242.254.32.40
475,Issi,Allingham,iallinghamd6@cdc.gov,Male,16.254.30.140
476,Olivie,Caudle,ocaudled7@people.com.cn,Non-binary,207.228.215.107
477,Lancelot,Ranshaw,lranshawd8@columbia.edu,Polygender,160.16.216.189
478,Drucie,Cuffin,dcuffind9@utexas.edu,Polygender,137.17.22.43
479,Jerald,Arnson,jarnsonda@symantec.com,Non-binary,112.87.10.89
480,Wolfy,Plane,wplanedb@prnewswire.com,Polygender,136.153.17.129
481,Arnie,Dominicacci,adominicaccidc@sina.com.cn,Agender,16.89.119.224
482,Rick,Aulsford,raulsforddd@dedecms.com,Bigender,234.91.234.166
483,Bettine,Rosenberg,brosenbergde@earthlink.net,Female,169.0.178.5
484,Alidia,Clitherow,aclitherowdf@reference.com,Male,106.86.236.48
485,Randee,Womersley,rwomersleydg@trellian.com,Genderqueer,120.175.52.130
486,Merl,Towler,mtowlerdh@opensource.org,Genderfluid,109.189.40.187
487,Carline,Vaughan-Hughes,cvaughanhughesdi@marketwatch.com,Polygender,138.124.139.14
488,Daniel,Dossettor,ddossettordj@amazon.de,Bigender,159.157.230.165
489,Katerina,Tiebe,ktiebedk@istockphoto.com,Agender,98.135.184.79
490,Cherilynn,Strotton,cstrottondl@aol.com,Non-binary,134.87.185.253
491,Cassius,Heinemann,cheinemanndm@symantec.com,Non-binary,49.123.51.162
492,Brandais,McKeevers,bmckeeversdn@networkadvertising.org,Agender,124.94.46.244
493,Betta,Barefoot,bbarefootdo@freewebs.com,Polygender,164.98.195.198
494,Drugi,Cavozzi,dcavozzidp@opensource.org,Female,222.121.185.85
495,Gretchen,St Louis,gstlouisdq@bizjournals.com,Bigender,210.86.98.120
496,Katrina,Van der Kruys,kvanderkruysdr@jigsy.com,Bigender,6.47.158.228
497,Riane,Haruard,rharuardds@uiuc.edu,Genderfluid,133.204.78.208
498,Phineas,Brenton,pbrentondt@dailymail.co.uk,Female,207.117.60.74
499,Mauricio,Stansfield,mstansfielddu@blogger.com,Genderqueer,214.226.49.99
500,Tamma,Paynes,tpaynesdv@edublogs.org,Agender,39.34.2.11
501,Harvey,Beyne,hbeynedw@w3.org,Female,205.19.136.63
502,Mel,Presslie,mpressliedx@dailymail.co.uk,Genderqueer,152.254.191.35
503,Suzette,Morton,smortondy@barnesandnoble.com,Female,0.72.172.64
504,Sonia,Clamp,sclampdz@walmart.com,Non-binary,200.162.255.37
505,Brice,Lambshine,blambshinee0@dailymail.co.uk,Genderfluid,96.118.228.200
506,Wyn,Bottrell,wbottrelle1@arizona.edu,Genderqueer,102.216.210.9
507,Cordie,Blackney,cblackneye2@ning.com,Bigender,165.208.130.92
508,Lotty,Lawie,llawiee3@joomla.org,Genderqueer,173.119.196.246
509,Geralda,Beccles,gbecclese4@edublogs.org,Genderqueer,203.196.10.80
510,Margret,Potell,mpotelle5@nhs.uk,Bigender,234.236.113.2
511,Ludovico,Balden,lbaldene6@comsenz.com,Female,40.29.93.179
512,Catherine,Pattingson,cpattingsone7@cnn.com,Bigender,15.34.235.222
513,Farra,Bellchamber,fbellchambere8@un.org,Male,245.1.7.152
514,Stefan,Grisdale,sgrisdalee9@oracle.com,Genderqueer,209.247.243.122
515,Jessika,Lecount,jlecountea@oakley.com,Genderqueer,243.185.23.50
516,Donnie,Breinlein,dbreinleineb@boston.com,Non-binary,192.185.207.204
517,Calhoun,Trudgeon,ctrudgeonec@netscape.com,Bigender,48.88.136.24
518,Wilt,Gronav,wgronaved@weibo.com,Female,164.207.103.143
519,Anabal,Jacobsohn,ajacobsohnee@cnbc.com,Male,210.129.149.158
520,Saudra,Brighty,sbrightyef@feedburner.com,Non-binary,178.101.199.142
521,Beatrix,Abad,babadeg@reference.com,Agender,202.161.141.95
522,Teodoor,Greenslade,tgreensladeeh@cbsnews.com,Male,132.48.152.65
523,Shelton,Blaxill,sblaxillei@mapy.cz,Agender,120.31.151.15
524,Rochelle,Cheeney,rcheeneyej@zimbio.com,Non-binary,103.200.144.179
525,Kizzee,Attenbrow,kattenbrowek@google.fr,Female,67.115.154.57
526,Cecelia,Merrgen,cmerrgenel@kickstarter.com,Polygender,109.167.225.244
527,Marcello,McGrane,mmcgraneem@admin.ch,Bigender,205.183.162.235
528,Artur,Cropton,acroptonen@kickstarter.com,Genderfluid,23.136.178.148
529,Brigid,Orneles,borneleseo@webs.com,Agender,221.252.150.127
530,Del,Audas,daudasep@msn.com,Male,47.55.6.69
531,Port,Rubertis,prubertiseq@gizmodo.com,Genderqueer,81.115.214.43
532,Keefe,Giacomi,kgiacomier@foxnews.com,Agender,13.88.198.215
533,Cordy,Mothersdale,cmothersdalees@sakura.ne.jp,Genderfluid,190.156.57.105
534,Rudy,Kaes,rkaeset@imgur.com,Non-binary,129.185.24.89
535,Corrie,Azemar,cazemareu@yellowbook.com,Non-binary,4.4.48.191
536,Mariann,Kob,mkobev@nydailynews.com,Non-binary,164.187.93.31
537,Tana,Esp,tespew@1und1.de,Male,122.224.26.144
538,Lindy,Ambridge,lambridgeex@mayoclinic.com,Genderfluid,207.32.175.175
539,Isaac,Conibeer,iconibeerey@xing.com,Male,161.22.7.143
540,Klarrisa,Avrahm,kavrahmez@infoseek.co.jp,Genderfluid,24.215.136.233
541,Sibley,Hulett,shulettf0@boston.com,Male,226.237.113.46
542,Salem,Elsom,selsomf1@pbs.org,Agender,60.82.56.222
543,Steve,Geraldini,sgeraldinif2@storify.com,Non-binary,61.5.160.168
544,Marion,Bahl,mbahlf3@fc2.com,Genderfluid,196.41.143.84
545,Prue,Pincked,ppinckedf4@ox.ac.uk,Genderqueer,70.12.46.32
546,Rodger,Sams,rsamsf5@last.fm,Polygender,220.119.238.164
547,Jere,Gatman,jgatmanf6@fotki.com,Bigender,144.80.43.119
548,Meridith,Cohani,mcohanif7@gizmodo.com,Genderfluid,106.171.45.116
549,Fidelity,Sandlin,fsandlinf8@who.int,Genderqueer,4.69.63.174
550,Juliana,Davis,jdavisf9@blogger.com,Male,96.106.178.131
551,Berne,Shadrack,bshadrackfa@ox.ac.uk,Genderqueer,194.153.50.111
552,Godart,Rocca,groccafb@gnu.org,Male,113.47.154.6
553,Abie,Oldershaw,aoldershawfc@nps.gov,Polygender,152.124.80.208
554,Falito,Giraths,fgirathsfd@eepurl.com,Agender,81.251.94.183
555,Caesar,Pethrick,cpethrickfe@bloglovin.com,Male,73.214.148.67
556,Dougie,Mechic,dmechicff@unblog.fr,Bigender,173.225.85.73
557,Lukas,Cosford,lcosfordfg@wp.com,Female,92.94.207.217
558,Daniel,Kender,dkenderfh@blogspot.com,Genderqueer,54.168.160.119
559,Dianemarie,Bezants,dbezantsfi@unicef.org,Genderfluid,93.55.155.38
560,Tybie,Westcarr,twestcarrfj@mozilla.org,Genderfluid,21.60.49.21
561,Frankie,Gronaver,fgronaverfk@cargocollective.com,Non-binary,146.87.17.161
562,Arline,Brammall,abrammallfl@cam.ac.uk,Female,57.18.176.169
563,Rosalynd,Carrier,rcarrierfm@devhub.com,Bigender,89.32.45.127
564,Maryellen,Ayscough,mayscoughfn@time.com,Agender,89.79.178.243
565,Lindi,Lazonby,llazonbyfo@about.me,Agender,42.111.109.191
566,Salem,Rawne,srawnefp@cocolog-nifty.com,Polygender,205.92.50.2
567,Gabriella,Ricks,gricksfq@jalbum.net,Bigender,231.248.157.28
568,Jacquie,Medwell,jmedwellfr@omniture.com,Female,197.230.147.130
569,Asher,Akett,aakettfs@utexas.edu,Bigender,208.80.178.174
570,Erskine,Klaaasen,eklaaasenft@webmd.com,Female,164.163.129.1
571,Karlee,Turneux,kturneuxfu@house.gov,Female,10.209.125.203
572,Elfrieda,Foord,efoordfv@issuu.com,Polygender,171.8.57.15
573,Pattie,Rivel,privelfw@hud.gov,Female,213.243.223.60
574,Guthry,Lacase,glacasefx@telegraph.co.uk,Non-binary,141.28.37.28
575,Ode,Jerrim,ojerrimfy@soundcloud.com,Agender,169.24.103.92
576,Theresita,Spicer,tspicerfz@trellian.com,Agender,203.140.254.51
577,Merrill,Allatt,mallattg0@twitter.com,Bigender,38.248.15.45
578,Tarra,Ghiroldi,tghiroldig1@sbwire.com,Non-binary,141.95.140.222
579,Walden,Kelsey,wkelseyg2@cafepress.com,Agender,23.62.178.161
580,Marlene,Fluit,mfluitg3@booking.com,Female,109.139.1.17
581,Phillie,Ferry,pferryg4@zdnet.com,Female,129.103.225.83
582,Olenolin,Toffoloni,otoffolonig5@cdbaby.com,Polygender,91.93.178.6
583,Jeffy,Mallion,jmalliong6@addtoany.com,Non-binary,105.165.200.41
584,Staffard,Chessel,schesselg7@ezinearticles.com,Genderfluid,78.251.84.158
585,Yanaton,Bircher,ybircherg8@yelp.com,Genderqueer,198.153.205.227
586,Abbott,Le Brun,alebrung9@canalblog.com,Agender,211.186.195.36
587,Gertrude,Nielson,gnielsonga@blogspot.com,Genderqueer,138.19.20.179
588,Dominique,Eagling,deaglinggb@newyorker.com,Agender,163.137.153.75
589,Ganny,Houdmont,ghoudmontgc@mozilla.com,Genderfluid,119.120.189.227
590,Angelico,Plaskitt,aplaskittgd@skype.com,Non-binary,120.122.72.250
591,Katrina,Kalinke,kkalinkege@ucoz.com,Genderqueer,212.187.59.52
592,Dorry,Tinline,dtinlinegf@ycombinator.com,Female,18.200.143.100
593,Cordie,Bernollet,cbernolletgg@163.com,Male,133.143.178.4
594,Farly,Stanners,fstannersgh@icio.us,Genderqueer,166.143.236.27
595,Leona,Acres,lacresgi@e-recht24.de,Female,94.101.104.78
596,Lyon,MacAlees,lmacaleesgj@yahoo.co.jp,Genderqueer,249.24.175.213
597,Debor,Robarts,drobartsgk@virginia.edu,Polygender,97.223.205.95
598,Raynell,McIleen,rmcileengl@topsy.com,Polygender,188.72.212.29
599,Leonard,Harp,lharpgm@illinois.edu,Male,87.38.80.129
600,Hughie,Sheehy,hsheehygn@google.com.au,Non-binary,181.105.223.71
601,Brooks,Oldfield,boldfieldgo@wikipedia.org,Polygender,231.161.162.215
602,Cello,Dainton,cdaintongp@macromedia.com,Agender,101.139.155.30
603,Davidson,Twell,dtwellgq@elegantthemes.com,Non-binary,62.250.7.50
604,Edmund,Charnock,echarnockgr@barnesandnoble.com,Genderfluid,60.34.107.113
605,Georgina,Grimsdyke,ggrimsdykegs@newsvine.com,Agender,85.49.40.11
606,Reade,Hedin,rhedingt@toplist.cz,Bigender,55.144.28.17
607,Izaak,Wiffield,iwiffieldgu@sina.com.cn,Bigender,15.158.52.136
608,Eudora,Pogg,epogggv@exblog.jp,Polygender,243.66.186.31
609,Gus,Washtell,gwashtellgw@foxnews.com,Non-binary,240.178.82.244
610,Josey,Fillan,jfillangx@com.com,Bigender,229.53.181.90
611,Frazer,Cuseck,fcuseckgy@nsw.gov.au,Non-binary,55.30.235.81
612,Abra,Fraser,afrasergz@telegraph.co.uk,Female,198.102.21.237
613,Demetre,Eastop,deastoph0@google.pl,Polygender,3.87.212.113
614,Alberik,Thing,athingh1@smugmug.com,Genderqueer,232.245.205.192
615,Selia,Degue,sdegueh2@sogou.com,Non-binary,72.193.190.165
616,Ximenes,Brakespear,xbrakespearh3@oracle.com,Bigender,173.105.78.86
617,Sig,Tomczynski,stomczynskih4@newyorker.com,Polygender,31.60.243.82
618,Lin,Neave,lneaveh5@shutterfly.com,Bigender,217.145.37.61
619,Winna,Manders,wmandersh6@is.gd,Agender,124.97.255.199
620,Gladys,Morrieson,gmorriesonh7@msn.com,Male,1.223.26.168
621,Lucretia,Zanetti,lzanettih8@google.ca,Bigender,245.120.171.154
622,Pavia,Wheatcroft,pwheatcrofth9@china.com.cn,Genderfluid,21.2.5.19
623,Wyatt,Mourgue,wmourgueha@washingtonpost.com,Genderqueer,177.104.184.209
624,Ellswerth,Coomes,ecoomeshb@ed.gov,Polygender,88.24.254.57
625,Pearce,Trowel,ptrowelhc@jimdo.com,Non-binary,174.83.234.43
626,Jose,Letford,jletfordhd@sourceforge.net,Genderqueer,157.51.3.201
627,Rita,Musselwhite,rmusselwhitehe@usda.gov,Genderqueer,9.63.132.217
628,Gerri,Sherrocks,gsherrockshf@booking.com,Agender,202.153.74.152
629,Jeri,Squirrell,jsquirrellhg@weibo.com,Polygender,109.116.99.32
630,Shurlocke,Worling,sworlinghh@t-online.de,Non-binary,54.154.168.182
631,Hubert,Panyer,hpanyerhi@ca.gov,Non-binary,204.149.243.3
632,Dyann,Stancliffe,dstancliffehj@ucoz.com,Polygender,24.139.134.148
633,Byrom,Gino,bginohk@squidoo.com,Male,25.205.50.75
634,Ronica,Maidens,rmaidenshl@technorati.com,Non-binary,70.225.84.27
635,Cobbie,Beacon,cbeaconhm@mashable.com,Non-binary,27.171.100.102
636,Lottie,Rudeforth,lrudeforthhn@seesaa.net,Female,215.32.168.21
637,Yoko,Feedham,yfeedhamho@sina.com.cn,Agender,85.0.16.200
638,Jewell,Tomei,jtomeihp@toplist.cz,Polygender,31.187.133.54
639,Arturo,Webburn,awebburnhq@umich.edu,Genderqueer,149.0.152.252
640,Leigha,Belvin,lbelvinhr@google.com.br,Agender,239.20.97.2
641,Allyn,Lohrensen,alohrensenhs@jiathis.com,Polygender,41.207.205.6
642,Jehanna,Chable,jchableht@home.pl,Female,124.130.149.45
643,Wade,Piele,wpielehu@google.nl,Genderfluid,86.55.206.38
644,Daile,Gidman,dgidmanhv@irs.gov,Genderqueer,87.249.227.199
645,Leela,Dunleavy,ldunleavyhw@msn.com,Bigender,123.123.24.195
646,Brand,Charlo,bcharlohx@eventbrite.com,Non-binary,120.162.161.250
647,Zitella,Collacombe,zcollacombehy@ca.gov,Female,108.238.203.11
648,Kaylee,Paolacci,kpaolaccihz@usa.gov,Genderqueer,30.31.174.217
649,Misti,Doone,mdoonei0@blogspot.com,Polygender,2.135.145.167
650,Gav,Babb,gbabbi1@disqus.com,Agender,148.84.11.97
651,Sandy,Newby,snewbyi2@mapquest.com,Male,136.106.225.109
652,Romeo,Patis,rpatisi3@tmall.com,Genderqueer,48.7.91.20
653,Kelby,Allen,kalleni4@amazon.co.uk,Non-binary,147.229.103.24
654,Enrique,Secombe,esecombei5@alibaba.com,Polygender,102.98.10.248
655,Rosita,Mac Geaney,rmacgeaneyi6@accuweather.com,Bigender,232.228.149.2
656,Silvana,Wemyss,swemyssi7@mlb.com,Polygender,71.83.163.10
657,Lorrie,Sansum,lsansumi8@intel.com,Polygender,140.214.249.166
658,Hanni,Versey,hverseyi9@baidu.com,Polygender,220.8.138.133
659,Carita,Vanstone,cvanstoneia@tripod.com,Female,187.161.245.12
660,Noella,Cornelleau,ncornelleauib@123-reg.co.uk,Bigender,179.143.29.105
661,Hillard,Benazet,hbenazetic@t-online.de,Bigender,198.108.7.129
662,Rosie,Olenin,roleninid@army.mil,Polygender,121.106.223.110
663,Noami,Badsey,nbadseyie@state.gov,Male,232.83.80.209
664,Marcela,Ballston,mballstonif@buzzfeed.com,Genderfluid,175.174.156.17
665,Fredek,Cisar,fcisarig@domainmarket.com,Agender,168.71.107.207
666,Raquel,Buttner,rbuttnerih@telegraph.co.uk,Male,187.49.246.163
667,Karlan,Boleyn,kboleynii@github.io,Polygender,188.97.170.48
668,Clair,Bromage,cbromageij@paypal.com,Non-binary,246.42.31.5
669,Bar,Thorley,bthorleyik@amazonaws.com,Male,173.2.111.25
670,Letitia,Jurczak,ljurczakil@drupal.org,Genderfluid,31.149.53.135
671,Fin,Blazej,fblazejim@un.org,Non-binary,76.209.101.62
672,Hank,Borthwick,hborthwickin@canalblog.com,Genderfluid,123.87.43.122
673,Shawnee,Seifenmacher,sseifenmacherio@upenn.edu,Agender,18.115.207.3
674,Nils,Weiser,nweiserip@simplemachines.org,Male,98.247.252.156
675,Zackariah,Longland,zlonglandiq@tinypic.com,Male,57.29.119.177
676,Goraud,Patesel,gpateselir@ebay.com,Polygender,241.223.46.75
677,Issie,Rosenbarg,irosenbargis@163.com,Bigender,192.197.170.121
678,Alfonso,Murby,amurbyit@spiegel.de,Bigender,21.45.178.252
679,Hali,Richardet,hrichardetiu@deviantart.com,Female,47.106.196.180
680,Teddy,Aggett,taggettiv@macromedia.com,Genderqueer,143.89.20.25
681,Pennie,Bromehed,pbromehediw@nydailynews.com,Female,149.63.195.78
682,Pietrek,Halling,phallingix@wired.com,Male,240.147.13.106
683,Cordelia,Swanborough,cswanboroughiy@barnesandnoble.com,Male,19.221.112.215
684,Libbie,Jerok,ljerokiz@t-online.de,Female,102.238.164.7
685,Keefer,Biesinger,kbiesingerj0@engadget.com,Genderqueer,51.52.72.101
686,Desdemona,Sibbet,dsibbetj1@google.es,Genderqueer,47.189.136.42
687,Lacy,Dunabie,ldunabiej2@ucla.edu,Male,239.233.172.87
688,Katina,Hebble,khebblej3@amazon.de,Female,204.163.99.123
689,Fenelia,Simonett,fsimonettj4@elegantthemes.com,Non-binary,190.145.113.242
690,Rubia,Walklott,rwalklottj5@zdnet.com,Female,154.238.255.208
691,Margarita,Hatterslay,mhatterslayj6@sakura.ne.jp,Non-binary,247.234.124.49
692,Kyrstin,Gullam,kgullamj7@vkontakte.ru,Agender,57.252.223.219
693,Auroora,Swindle,aswindlej8@berkeley.edu,Polygender,137.105.158.145
694,Diannne,Picford,dpicfordj9@mail.ru,Genderfluid,130.194.117.22
695,Lynnette,Palfrey,lpalfreyja@hostgator.com,Agender,207.175.1.190
696,Joyann,Ottee,jotteejb@123-reg.co.uk,Female,110.173.155.69
697,Elisabetta,Gillison,egillisonjc@mtv.com,Male,245.62.3.247
698,Pincus,Bewshaw,pbewshawjd@addthis.com,Bigender,86.181.10.57
699,Marketa,Novotna,mnovotnaje@netvibes.com,Male,10.71.63.182
700,Lucila,Derrett,lderrettjf@alexa.com,Male,23.102.146.7
701,Camile,Libbey,clibbeyjg@domainmarket.com,Bigender,214.80.210.182
702,Britta,Penwell,bpenwelljh@feedburner.com,Agender,208.80.29.51
703,Torr,Wallentin,twallentinji@abc.net.au,Bigender,176.214.36.122
704,Courtnay,Harvatt,charvattjj@plala.or.jp,Bigender,69.190.223.41
705,Aksel,Learmonth,alearmonthjk@odnoklassniki.ru,Male,10.170.65.154
706,Marion,Douce,mdoucejl@oaic.gov.au,Female,22.86.21.24
707,Boy,Handke,bhandkejm@abc.net.au,Male,104.192.95.199
708,Alexia,Sings,asingsjn@nps.gov,Polygender,166.203.11.64
709,Vito,Corse,vcorsejo@disqus.com,Genderfluid,156.133.30.147
710,Alia,Caseley,acaseleyjp@pinterest.com,Male,135.161.249.90
711,Wallas,Cazereau,wcazereaujq@vistaprint.com,Genderfluid,31.82.168.132
712,Jessica,Berks,jberksjr@economist.com,Bigender,203.158.110.99
713,Claybourne,Weatherley,cweatherleyjs@etsy.com,Male,220.132.0.103
714,Ripley,Nesbeth,rnesbethjt@nps.gov,Bigender,247.70.123.122
715,Zack,Dorrance,zdorranceju@a8.net,Polygender,173.134.201.250
716,Dalia,Folliott,dfolliottjv@digg.com,Genderfluid,77.144.160.81
717,Maisey,Dron,mdronjw@wiley.com,Polygender,250.80.11.159
718,Ola,Lavender,olavenderjx@si.edu,Agender,139.21.171.125
719,Dione,Fyall,dfyalljy@unblog.fr,Male,189.108.177.135
720,Yolande,Meadowcroft,ymeadowcroftjz@networkadvertising.org,Female,226.49.62.141
721,Link,Lawdham,llawdhamk0@economist.com,Agender,57.57.51.70
722,Giacinta,Harmour,gharmourk1@pbs.org,Female,27.16.66.49
723,Federica,Denniston,fdennistonk2@elpais.com,Female,145.57.161.117
724,Swen,Ivimey,sivimeyk3@nhs.uk,Female,193.125.36.6
725,Allie,Tattam,atattamk4@studiopress.com,Non-binary,139.245.146.195
726,Waite,McDonagh,wmcdonaghk5@shutterfly.com,Genderfluid,84.151.79.60
727,Thibaut,Bewley,tbewleyk6@digg.com,Female,176.205.43.14
728,Yevette,Hellis,yhellisk7@ebay.co.uk,Polygender,18.165.187.217
729,Oates,Spreckley,ospreckleyk8@rambler.ru,Female,149.138.84.206
730,Rosette,Schimaschke,rschimaschkek9@kickstarter.com,Genderqueer,41.189.119.124
731,Olivier,Antognozzii,oantognozziika@github.io,Polygender,106.90.135.17
732,Deb,Brattell,dbrattellkb@macromedia.com,Genderfluid,17.165.225.85
733,Ingram,McElwee,imcelweekc@google.co.jp,Genderqueer,100.183.40.174
734,Kenon,Cansdell,kcansdellkd@github.io,Female,36.49.164.23
735,Guido,Lasham,glashamke@dailymail.co.uk,Female,242.99.56.226
736,Hildy,Antonio,hantoniokf@usa.gov,Genderfluid,153.183.11.143
737,Reamonn,Santostefano.,rsantostefanokg@mtv.com,Polygender,46.216.56.115
738,Kelley,Mannering,kmanneringkh@ycombinator.com,Genderfluid,75.193.211.236
739,Heath,Wogan,hwoganki@cafepress.com,Polygender,4.154.156.129
740,Alyssa,Gallamore,agallamorekj@google.com.br,Genderqueer,20.53.20.65
741,Tandy,Juppe,tjuppekk@livejournal.com,Polygender,33.236.70.147
742,Genvieve,Hendrix,ghendrixkl@accuweather.com,Polygender,110.155.218.141
743,Vernor,Ronan,vronankm@themeforest.net,Polygender,8.128.191.199
744,Jammal,Matonin,jmatoninkn@seesaa.net,Non-binary,120.196.152.132
745,Tiphanie,Brecher,tbrecherko@bluehost.com,Male,93.32.161.74
746,Vito,Pregal,vpregalkp@t-online.de,Non-binary,43.58.88.56
747,Clair,Kemmet,ckemmetkq@disqus.com,Bigender,7.12.45.140
748,Dorothy,Schutte,dschuttekr@arstechnica.com,Genderfluid,214.18.134.79
749,Orlan,Legen,olegenks@nps.gov,Agender,82.162.201.95
750,Sean,Cattellion,scattellionkt@ezinearticles.com,Bigender,57.252.136.169
751,Rubina,Shimon,rshimonku@walmart.com,Polygender,35.38.196.223
752,Gerhard,Gowland,ggowlandkv@mysql.com,Non-binary,4.27.226.179
753,Adoree,Powley,apowleykw@acquirethisname.com,Male,41.145.66.119
754,Chane,Tucknott,ctucknottkx@npr.org,Genderqueer,135.173.59.17
755,Brand,Hadfield,bhadfieldky@gmpg.org,Agender,227.16.61.84
756,Mayor,Kain,mkainkz@geocities.jp,Bigender,234.98.68.139
757,Alphonse,Giaomozzo,agiaomozzol0@cornell.edu,Agender,142.219.197.1
758,Lizzy,Gouck,lgouckl1@businessweek.com,Bigender,57.84.63.239
759,Carleen,Wadsworth,cwadsworthl2@omniture.com,Male,170.61.169.134
760,Karmen,Braidwood,kbraidwoodl3@edublogs.org,Non-binary,86.93.179.22
761,Koralle,Petroselli,kpetrosellil4@livejournal.com,Bigender,107.151.47.175
762,Corrie,Leversha,clevershal5@berkeley.edu,Bigender,42.48.148.156
763,Sherlocke,Ellif,sellifl6@artisteer.com,Genderqueer,146.58.210.165
764,Cordy,Gibbonson,cgibbonsonl7@woothemes.com,Bigender,220.100.172.69
765,Adlai,Ivashev,aivashevl8@auda.org.au,Male,124.113.39.138
766,Joan,Sarginson,jsarginsonl9@theatlantic.com,Agender,44.83.153.208
767,Leonanie,Matuszinski,lmatuszinskila@acquirethisname.com,Genderqueer,11.135.146.234
768,Rolfe,Cassels,rcasselslb@mit.edu,Polygender,209.164.37.164
769,David,Noddings,dnoddingslc@scientificamerican.com,Polygender,13.228.187.229
770,Kasper,Menicomb,kmenicombld@1und1.de,Agender,173.73.23.86
771,Mariann,Eccleston,mecclestonle@hhs.gov,Polygender,168.56.147.63
772,Katleen,Elcum,kelcumlf@time.com,Female,153.183.77.203
773,Lorens,Lawler,llawlerlg@addtoany.com,Genderqueer,127.153.143.244
774,Sascha,Lamcken,slamckenlh@list-manage.com,Bigender,183.40.45.173
775,Jocelyn,Lomasney,jlomasneyli@w3.org,Bigender,105.153.7.11
776,Brynne,Downes,bdowneslj@army.mil,Female,205.229.251.214
777,Netti,Eannetta,neannettalk@quantcast.com,Non-binary,72.54.14.214
778,Marcelline,Oag,moagll@jigsy.com,Male,249.201.144.34
779,Angelita,Kegan,akeganlm@discovery.com,Non-binary,128.40.74.185
780,Kary,Jorcke,kjorckeln@sphinn.com,Agender,153.130.152.46
781,Shawn,Mickleburgh,smickleburghlo@clickbank.net,Non-binary,75.236.41.42
782,Amandie,Guierre,aguierrelp@stumbleupon.com,Bigender,110.238.75.170
783,Sapphira,Kemston,skemstonlq@xing.com,Non-binary,203.69.134.176
784,Bennie,Spellacy,bspellacylr@usda.gov,Agender,106.19.221.85
785,David,Golby,dgolbyls@youtube.com,Genderqueer,203.137.77.116
786,Britta,Ligerton,bligertonlt@weibo.com,Genderfluid,230.147.39.135
787,Avril,Cordingley,acordingleylu@about.com,Bigender,63.18.118.215
788,Gabie,Whiffin,gwhiffinlv@nps.gov,Polygender,201.209.89.9
789,Vinny,Leonard,vleonardlw@youku.com,Non-binary,129.2.220.27
790,Eden,Muddicliffe,emuddicliffelx@vinaora.com,Bigender,138.94.195.205
791,Vinnie,Handrik,vhandrikly@vkontakte.ru,Bigender,140.21.112.234
792,Corney,Warhurst,cwarhurstlz@amazon.de,Non-binary,133.35.220.249
793,Tallulah,Crowche,tcrowchem0@hugedomains.com,Non-binary,61.77.111.146
794,Ingrim,Reckhouse,ireckhousem1@miitbeian.gov.cn,Agender,125.40.22.3
795,Patrizio,Schulkins,pschulkinsm2@examiner.com,Polygender,113.124.137.130
796,Coletta,Brea,cbream3@mashable.com,Agender,4.21.187.189
797,Isak,Farnsworth,ifarnsworthm4@tiny.cc,Genderqueer,185.132.68.52
798,Tobe,Jerromes,tjerromesm5@baidu.com,Male,137.17.226.10
799,Philipa,Volant,pvolantm6@tumblr.com,Polygender,50.116.35.157
800,Lazar,Try,ltrym7@purevolume.com,Polygender,33.70.214.1
801,Jethro,Higgoe,jhiggoem8@mozilla.org,Female,234.95.183.51
802,Javier,Choupin,jchoupinm9@statcounter.com,Male,82.153.234.190
803,Gerick,Freschini,gfreschinima@rambler.ru,Male,182.31.61.214
804,Jereme,Cobson,jcobsonmb@topsy.com,Genderfluid,248.54.109.217
805,Frasco,Brafferton,fbraffertonmc@howstuffworks.com,Genderfluid,51.25.175.37
806,Eveleen,Foss,efossmd@globo.com,Polygender,231.148.133.229
807,Vincents,Kidner,vkidnerme@army.mil,Bigender,51.129.165.101
808,Derick,Boyall,dboyallmf@loc.gov,Bigender,71.63.177.179
809,Jenn,Fay,jfaymg@wp.com,Genderfluid,33.22.119.204
810,Dougy,Coules,dcoulesmh@usgs.gov,Female,61.213.64.30
811,Tressa,Voules,tvoulesmi@hibu.com,Agender,192.57.231.209
812,Maiga,Askie,maskiemj@engadget.com,Bigender,246.128.130.154
813,Jewel,Craighill,jcraighillmk@myspace.com,Non-binary,152.37.62.87
814,Skippie,Prescott,sprescottml@surveymonkey.com,Genderfluid,134.14.171.84
815,Bertram,Czaja,bczajamm@cnbc.com,Genderqueer,163.115.144.228
816,Siobhan,Dresse,sdressemn@hatena.ne.jp,Genderfluid,134.79.244.30
817,Blanca,Pinsent,bpinsentmo@symantec.com,Polygender,139.106.56.108
818,Briano,Caplin,bcaplinmp@naver.com,Genderfluid,187.52.225.41
819,Dionis,Egalton,degaltonmq@jigsy.com,Non-binary,146.177.252.195
820,Hebert,Lerhinan,hlerhinanmr@mapy.cz,Non-binary,115.175.148.153
821,Winnifred,McKennan,wmckennanms@netscape.com,Genderqueer,24.149.248.67
822,Rosalind,O'Connell,roconnellmt@wufoo.com,Agender,160.137.23.132
823,Tony,Galero,tgaleromu@csmonitor.com,Bigender,75.13.178.145
824,Chrystal,Rielly,criellymv@reverbnation.com,Genderqueer,192.166.166.47
825,Moreen,Berndtssen,mberndtssenmw@skyrock.com,Non-binary,85.224.193.224
826,Durward,Scotchbourouge,dscotchbourougemx@eventbrite.com,Non-binary,171.144.172.50
827,Micki,Poel,mpoelmy@etsy.com,Male,6.244.16.5
828,Bobby,Austing,baustingmz@accuweather.com,Genderfluid,163.52.209.14
829,Nappy,Fairney,nfairneyn0@umn.edu,Non-binary,139.161.200.113
830,Joyan,Venables,jvenablesn1@admin.ch,Genderfluid,101.182.222.252
831,Ag,Rumbellow,arumbellown2@cloudflare.com,Agender,53.187.249.4
832,Melisandra,Samuels,msamuelsn3@yellowbook.com,Female,208.54.145.187
833,Morlee,Kemm,mkemmn4@addthis.com,Agender,41.42.5.22
834,Katey,Cucuzza,kcucuzzan5@ft.com,Female,101.204.37.223
835,Constantia,Borer,cborern6@phpbb.com,Male,49.88.186.9
836,Alexandre,Jewster,ajewstern7@washingtonpost.com,Bigender,91.36.38.111
837,Ichabod,Rugieri,irugierin8@auda.org.au,Agender,217.21.220.174
838,Gladi,Dulling,gdullingn9@hao123.com,Bigender,254.20.107.89
839,Terry,Bayston,tbaystonna@state.tx.us,Non-binary,15.96.175.228
840,Rockie,Peal,rpealnb@spotify.com,Male,43.80.10.143
841,Northrop,Penhalurick,npenhaluricknc@rambler.ru,Female,147.144.162.113
842,Jerald,Matyas,jmatyasnd@infoseek.co.jp,Non-binary,8.33.8.213
843,Karry,Cockshutt,kcockshuttne@cornell.edu,Male,44.35.143.128
844,Devan,Vell,dvellnf@shinystat.com,Bigender,38.191.105.222
845,Viv,Burland,vburlandng@netlog.com,Agender,20.74.106.234
846,Roby,Janko,rjankonh@addtoany.com,Genderfluid,75.31.237.127
847,Gabriell,Clemonts,gclemontsni@squidoo.com,Non-binary,186.12.176.19
848,Selig,Lamplough,slamploughnj@theglobeandmail.com,Polygender,125.200.224.0
849,Mathias,Winyard,mwinyardnk@pinterest.com,Polygender,166.15.239.255
850,Theodor,des Remedios,tdesremediosnl@surveymonkey.com,Female,101.164.173.81
851,Dallon,Deacock,ddeacocknm@scientificamerican.com,Non-binary,142.81.188.92
852,Drucy,Schriren,dschrirennn@fc2.com,Male,6.56.15.8
853,Ivar,Stewartson,istewartsonno@hostgator.com,Bigender,76.188.199.84
854,Agatha,Stranks,astranksnp@tiny.cc,Male,38.238.208.244
855,Jeanna,Truwert,jtruwertnq@cnn.com,Genderqueer,15.43.37.164
856,Rurik,Goghin,rgoghinnr@opera.com,Agender,110.172.169.153
857,Pascal,Wensley,pwensleyns@meetup.com,Bigender,46.92.75.100
858,Brianna,Gabbett,bgabbettnt@so-net.ne.jp,Male,73.161.97.109
859,Rosaline,Sirrell,rsirrellnu@myspace.com,Male,181.26.166.22
860,Brewer,Fitch,bfitchnv@devhub.com,Genderfluid,215.103.76.124
861,Nadia,Swann,nswannnw@state.gov,Polygender,159.254.121.33
862,Katerine,Foulstone,kfoulstonenx@washingtonpost.com,Genderfluid,155.130.178.203
863,Cirstoforo,Renard,crenardny@github.com,Genderqueer,220.126.237.157
864,Liva,Wilkes,lwilkesnz@gnu.org,Genderqueer,17.114.223.131
865,Katya,Bossingham,kbossinghamo0@technorati.com,Genderqueer,126.118.240.130
866,Leeanne,Mumbray,lmumbrayo1@clickbank.net,Genderfluid,50.130.185.39
867,Kora,McGuffog,kmcguffogo2@unesco.org,Female,176.146.231.66
868,Rhetta,Toward,rtowardo3@wsj.com,Male,174.80.79.142
869,Janessa,Bendall,jbendallo4@cbsnews.com,Agender,209.253.114.30
870,Weylin,Pocklington,wpocklingtono5@wp.com,Bigender,118.85.92.178
871,Hashim,Nears,hnearso6@chicagotribune.com,Female,192.95.175.135
872,Josephina,Guyer,jguyero7@yellowbook.com,Female,220.75.206.109
873,Clay,Edes,cedeso8@hugedomains.com,Non-binary,83.82.220.162
874,Teena,Maydwell,tmaydwello9@digg.com,Non-binary,206.105.80.169
875,Ram,Union,runionoa@drupal.org,Bigender,236.120.172.21
876,Arlena,Snell,asnellob@yahoo.co.jp,Genderqueer,141.7.10.166
877,Spence,Weedall,sweedalloc@arstechnica.com,Genderqueer,27.116.92.92
878,Lindy,Chaise,lchaiseod@deliciousdays.com,Male,77.89.217.28
879,Munroe,Errichiello,merrichiellooe@blogs.com,Genderfluid,139.114.130.193
880,Albina,Jennick,ajennickof@dagondesign.com,Bigender,125.44.158.18
881,Bink,Blackborne,bblackborneog@jiathis.com,Bigender,111.161.39.232
882,Carissa,Wilds,cwildsoh@networkadvertising.org,Bigender,139.241.96.99
883,Jeannette,Gilby,jgilbyoi@networkadvertising.org,Bigender,128.165.23.197
884,Miles,Osgodby,mosgodbyoj@surveymonkey.com,Genderqueer,138.74.230.219
885,Tedman,Rossoni,trossoniok@github.io,Polygender,166.90.47.109
886,Corenda,Warnes,cwarnesol@hc360.com,Female,231.219.68.177
887,Sianna,Littleproud,slittleproudom@fotki.com,Genderfluid,30.40.205.96
888,Lauritz,Carnock,lcarnockon@omniture.com,Bigender,225.34.102.156
889,Mersey,Guilloud,mguilloudoo@tamu.edu,Agender,38.167.57.241
890,Christy,Folonin,cfoloninop@usda.gov,Genderqueer,163.88.118.202
891,Violet,Hallahan,vhallahanoq@livejournal.com,Female,113.235.132.247
892,Krispin,Tyhurst,ktyhurstor@histats.com,Bigender,176.44.48.23
893,Giles,Twohig,gtwohigos@goo.gl,Genderfluid,53.137.120.226
894,Salim,Orknay,sorknayot@un.org,Agender,54.93.167.48
895,Dixie,Quinnelly,dquinnellyou@google.ca,Genderqueer,19.110.38.158
896,Felita,Fortesquieu,ffortesquieuov@examiner.com,Male,227.141.125.252
897,Angelico,Mellers,amellersow@walmart.com,Genderqueer,45.95.168.98
898,Lanie,Southgate,lsouthgateox@dyndns.org,Bigender,232.166.86.205
899,Silvio,Tine,stineoy@state.gov,Agender,182.36.21.222
900,Stephen,Riccardo,sriccardooz@discovery.com,Genderfluid,55.183.167.24
901,Dalli,Jewar,djewarp0@i2i.jp,Female,145.65.11.233
902,Stevie,Broadbent,sbroadbentp1@nyu.edu,Non-binary,174.36.18.167
903,Imojean,Cherrett,icherrettp2@cnbc.com,Polygender,249.130.240.37
904,Alana,Garfit,agarfitp3@usda.gov,Female,173.91.176.103
905,Ernaline,Chitter,echitterp4@jugem.jp,Genderfluid,132.176.133.129
906,Marya,Suggey,msuggeyp5@vinaora.com,Polygender,115.7.183.48
907,Octavia,Henstridge,ohenstridgep6@histats.com,Genderfluid,150.132.182.191
908,Tresa,Ferfulle,tferfullep7@phpbb.com,Polygender,9.234.71.44
909,Mellicent,MacVean,mmacveanp8@utexas.edu,Genderfluid,46.46.192.90
910,Artur,Wolsey,awolseyp9@xing.com,Non-binary,8.208.233.147
911,Mariann,Andrassy,mandrassypa@netlog.com,Agender,15.82.157.180
912,Clementius,Spillard,cspillardpb@unesco.org,Bigender,162.17.179.54
913,Franz,Liversedge,fliversedgepc@feedburner.com,Male,213.126.74.249
914,Myrtice,D'Alwis,mdalwispd@washington.edu,Genderfluid,158.235.168.72
915,Vale,Heinonen,vheinonenpe@cargocollective.com,Genderfluid,67.212.234.207
916,Issy,Halward,ihalwardpf@people.com.cn,Genderfluid,188.27.2.227
917,Vidovic,Haliburton,vhaliburtonpg@com.com,Female,83.181.129.105
918,Ayn,Jorio,ajorioph@cafepress.com,Male,39.244.94.130
919,Sammie,Rowlson,srowlsonpi@xinhuanet.com,Genderfluid,41.90.99.31
920,Gui,Cordall,gcordallpj@g.co,Female,180.63.191.86
921,Meara,Frame,mframepk@stumbleupon.com,Non-binary,38.21.109.133
922,Donnie,O' Faherty,dofahertypl@tiny.cc,Female,142.92.107.71
923,Mord,MacCrosson,mmaccrossonpm@hud.gov,Polygender,252.192.47.72
924,Wilhelmine,Craft,wcraftpn@1und1.de,Genderfluid,68.153.240.241
925,Lion,Wapplington,lwapplingtonpo@homestead.com,Genderqueer,165.151.96.14
926,Roxane,Bogue,rboguepp@github.io,Genderqueer,215.178.213.214
927,Kellie,Okenfold,kokenfoldpq@umn.edu,Bigender,176.2.30.11
928,Cos,Bazley,cbazleypr@dropbox.com,Genderfluid,110.146.125.217
929,Edyth,Brummell,ebrummellps@indiatimes.com,Non-binary,41.14.105.82
930,Guthrie,Batte,gbattept@bandcamp.com,Female,71.42.112.154
931,Farlay,Roycroft,froycroftpu@scientificamerican.com,Genderqueer,207.39.62.104
932,Reese,Bozworth,rbozworthpv@constantcontact.com,Genderfluid,158.80.76.70
933,Winfield,Iacovozzo,wiacovozzopw@purevolume.com,Genderqueer,213.209.179.123
934,Beale,Purches,bpurchespx@cisco.com,Polygender,120.248.123.3
935,Addia,Crawford,acrawfordpy@mapquest.com,Polygender,143.231.45.251
936,Derek,Gilcriest,dgilcriestpz@t.co,Genderqueer,152.41.97.237
937,Lindsay,MacPherson,lmacphersonq0@diigo.com,Non-binary,183.11.251.179
938,Barclay,Ferronet,bferronetq1@dropbox.com,Bigender,151.209.66.145
939,Ewart,Gladman,egladmanq2@yelp.com,Bigender,179.92.103.207
940,Cherilynn,Margrem,cmargremq3@telegraph.co.uk,Male,122.252.227.35
941,Lonni,Horder,lhorderq4@facebook.com,Bigender,173.146.66.82
942,Konstantine,MacAlester,kmacalesterq5@reuters.com,Polygender,12.120.20.229
943,Ewart,Aspinwall,easpinwallq6@altervista.org,Male,43.233.123.250
944,Karlotte,Struttman,kstruttmanq7@tripod.com,Bigender,123.98.214.1
945,Glennie,Madle,gmadleq8@wix.com,Male,254.170.109.118
946,Rodolfo,Klaas,rklaasq9@csmonitor.com,Non-binary,229.191.234.82
947,Morlee,Fyldes,mfyldesqa@wsj.com,Female,114.150.252.173
948,Risa,Limerick,rlimerickqb@oaic.gov.au,Male,39.191.128.44
949,Hendrik,Baise,hbaiseqc@typepad.com,Polygender,61.4.210.146
950,Kyle,Roden,krodenqd@hao123.com,Agender,218.70.58.215
951,Ricki,Duckering,rduckeringqe@gravatar.com,Female,172.85.15.195
952,Emelina,Mallabund,emallabundqf@va.gov,Female,185.25.206.87
953,Shelby,Plank,splankqg@nba.com,Non-binary,144.208.182.104
954,Jarrid,Pavie,jpavieqh@meetup.com,Polygender,63.157.251.57
955,Kaitlyn,Dahl,kdahlqi@symantec.com,Agender,176.33.106.68
956,Alfons,Pavolillo,apavolilloqj@bloglines.com,Male,84.187.175.203
957,Delbert,Chaudrelle,dchaudrelleqk@ed.gov,Bigender,87.60.155.8
958,Carleen,Reeken,creekenql@sourceforge.net,Non-binary,22.12.132.115
959,Marie-jeanne,O' Dornan,modornanqm@vkontakte.ru,Female,217.43.254.7
960,Kaspar,Livingston,klivingstonqn@timesonline.co.uk,Polygender,130.191.209.18
961,Edin,Clibbery,eclibberyqo@blogger.com,Agender,25.138.38.163
962,Nicolea,Cressor,ncressorqp@latimes.com,Genderfluid,249.111.213.48
963,Norri,Hemerijk,nhemerijkqq@delicious.com,Genderqueer,73.161.36.147
964,Jo-ann,Vines,jvinesqr@xinhuanet.com,Genderqueer,181.106.144.103
965,Calla,Robens,crobensqs@e-recht24.de,Genderfluid,172.32.112.87
966,Roseanne,De Brett,rdebrettqt@who.int,Bigender,132.244.80.91
967,Heywood,Sugge,hsuggequ@weebly.com,Bigender,24.84.123.166
968,Jerrine,Conradsen,jconradsenqv@t-online.de,Non-binary,136.22.16.202
969,Leeanne,Seman,lsemanqw@meetup.com,Polygender,187.175.141.68
970,Alison,Culligan,aculliganqx@shareasale.com,Agender,187.149.94.186
971,Reinhard,Waterstone,rwaterstoneqy@seesaa.net,Male,201.49.177.76
972,Jobi,De Angelis,jdeangelisqz@dropbox.com,Non-binary,138.247.237.157
973,Terry,Parsons,tparsonsr0@cmu.edu,Polygender,184.139.253.70
974,Tonya,Teaser,tteaserr1@wisc.edu,Polygender,17.90.125.70
975,Haily,Jako,hjakor2@nbcnews.com,Female,151.253.168.38
976,Humbert,Esler,heslerr3@xrea.com,Male,167.15.248.74
977,Joseito,Devenport,jdevenportr4@scribd.com,Genderfluid,225.153.2.109
978,Claudius,Alkins,calkinsr5@360.cn,Polygender,116.115.243.202
979,Quincey,McFarlane,qmcfarlaner6@xing.com,Non-binary,117.192.219.231
980,Amity,MacMaster,amacmasterr7@nba.com,Male,188.117.189.240
981,Merry,Facher,mfacherr8@omniture.com,Non-binary,99.143.226.96
982,Freda,Caple,fcapler9@moonfruit.com,Male,76.95.51.146
983,Aldon,Harrad,aharradra@census.gov,Male,101.104.207.127
984,Bronny,Tadlow,btadlowrb@cnet.com,Non-binary,243.163.170.141
985,Lilas,Spillman,lspillmanrc@npr.org,Agender,255.20.116.141
986,Kirstyn,Jansen,kjansenrd@gnu.org,Bigender,2.116.56.168
987,Job,Popescu,jpopescure@princeton.edu,Agender,50.219.102.0
988,Lynea,Jorg,ljorgrf@un.org,Male,116.117.236.119
989,Elspeth,Bushnell,ebushnellrg@indiegogo.com,Male,49.100.224.117
990,Collie,Carbonell,ccarbonellrh@mlb.com,Female,32.204.36.77
991,Gideon,Caughan,gcaughanri@ask.com,Agender,125.77.241.253
992,Mattie,Juszkiewicz,mjuszkiewiczrj@cbsnews.com,Male,68.92.182.192
993,Dion,Munroe,dmunroerk@etsy.com,Agender,81.200.12.1
994,Georas,Poznanski,gpoznanskirl@hatena.ne.jp,Male,100.51.104.69
995,Kaitlynn,Rash,krashrm@businesswire.com,Bigender,253.71.35.178
996,Sharline,Mccaull,smccaullrn@army.mil,Non-binary,253.209.78.169
997,Dirk,Penton,dpentonro@google.pl,Male,227.29.123.37
998,Chryste,Oultram,coultramrp@biglobe.ne.jp,Agender,109.19.36.136
999,Joye,Imesson,jimessonrq@google.nl,Agender,26.180.121.196
1000,Astra,Gino,aginorr@netvibes.com,Female,127.31.172.40
